Id,Designator,Footprint,Quantity,Comment,Supplier and ref
1,"C9,C12,C2,C8,C6,C11,C5,C17,C4,C7,C3",C_0402_1005Metric,11,0.1uF,
2,"C15,C16",C_0402_1005Metric,2,33pF,
3,"J4,J3",PinHeader_1x20_P2.54mm_Vertical,2,Conn_01x20,
4,"R3,R4",R_0402_1005Metric,2,27,
5,"R5,R7",R_0402_1005Metric,2,1K,
6,J1,USB_C_Receptacle_HRO_TYPE-C-31-M-12,1,USB_C_Receptacle_USB2.0_14P,
7,J2,PinHeader_1x03_P2.54mm_Vertical,1,Conn_01x03,
8,R6,R_0402_1005Metric,1,10K,
9,U1,QFN-56-1EP_7x7mm_P0.4mm_EP3.2x3.2mm,1,RP2040,
10,U3,Winbond_USON-8-1EP_3x2mm_P0.5mm_EP0.2x1.6mm,1,W25Q16JVZPIQ TR,
11,U4,SOT-23,1,MCP1700x-330xxTT,
12,"C1,C10",C_0402_1005Metric,2,1uF,
13,SW1,SW_Push_SPST_NO_Alps_SKRK,1,SW_Push,
14,"R1,R2",R_0402_1005Metric,2,5.1K,
15,Y1,Crystal_SMD_3225-4Pin_3.2x2.5mm,1,12 MHz,
16,"C13,C14",C_0603_1608Metric,2,10uF,
17,U2,SOT-223-3_TabPin2,1,NCP1117-3.3_SOT223,